trolley_code,customer_code,customer_name,location_kind,days_at_location,source_wash_item_id,source_area,source_processed_at,trolley_type
T1102025T,CID-HIGH-93C6F,HIGHFIELD,CUSTOMER,2,WI20260804-01-HI2VENQK,MOP,2026-08-04 18:43:22,Large
T6142025T,CID-HIGH-93C6F,HIGHFIELD,CUSTOMER,2,WI20260804-01-HI2VENQK,MOP,2026-08-04 18:43:22,Large
T6132025T,CID-HIGH-93C6F,HIGHFIELD,CUSTOMER,2,WI20260804-01-HI2VENQK,MOP,2026-08-04 18:43:22,Large
T4852025T,CID-HIGH-93C6F,HIGHFIELD,CUSTOMER,2,WI20260803-01-P21F9AT9,FINISH,2026-08-04 10:07:28,Small
T7922025T,CID-LEOP-D2657,LEOPARDSTOWN,CUSTOMER,5,WI20260801-01-T8PVR5Q1,FINISH,2026-08-03 19:57:02,Small
T4972025T,CID-LEOP-D2657,LEOPARDSTOWN,CUSTOMER,5,WI20260801-01-T8PVR5Q1,FINISH,2026-08-03 19:57:02,Small
T2962025T,CID-LEOP-D2657,LEOPARDSTOWN,CUSTOMER,5,WI20260801-01-T8PVR5Q1,FINISH,2026-08-03 19:57:02,Small
T3162025T,CID-LEOP-D2657,LEOPARDSTOWN,CUSTOMER,5,WI20260801-01-T8PVR5Q1,FINISH,2026-08-03 19:57:02,Small
T4942025T,CID-STFI-78BBA,ST FINBARRS,CUSTOMER,9,WI20260804-01-1PYDHGKY,FINISH,2026-08-04 18:08:25,Small
T2582025T,CID-STFI-78BBA,ST FINBARRS,CUSTOMER,9,WI20260804-01-1PYDHGKY,FINISH,2026-08-04 18:08:25,Small
T6062025T,CID-STFI-78BBA,ST FINBARRS,CUSTOMER,9,WI20260804-01-1PYDHGKY,FINISH,2026-08-04 18:08:25,Small
T1352025T,CID-STFI-78BBA,ST FINBARRS,CUSTOMER,9,WI20260804-01-1PYDHGKY,FINISH,2026-08-04 18:08:25,Small
T2052025T,CID-BLOO-F6FA0,BLOOMFIELD,CUSTOMER,14,WI20260803-01-N513QL3C,FINISH,2026-08-04 08:27:10,Large
T3252025T,CID-BLOO-F6FA0,BLOOMFIELD,CUSTOMER,14,WI20260803-01-N513QL3C,FINISH,2026-08-04 08:27:10,Small
T3182025T,CID-BLOO-F6FA0,BLOOMFIELD,CUSTOMER,14,WI20260803-01-N513QL3C,FINISH,2026-08-04 08:27:10,Small
T4762025T,CID-BLOO-F6FA0,BLOOMFIELD,CUSTOMER,14,WI20260803-01-N513QL3C,FINISH,2026-08-04 08:27:10,Small
T4802025T,CID-STCO-F304C,ST COLUMBAS HOSPITAL,CUSTOMER,18,WI20260804-01-TBXH0TVH,FINISH,2026-08-04 14:57:44,Large
T3512025T,CID-STCO-F304C,ST COLUMBAS HOSPITAL,CUSTOMER,18,WI20260804-01-TBXH0TVH,FINISH,2026-08-04 14:57:44,Small
T1052025T,CID-STCO-F304C,ST COLUMBAS HOSPITAL,CUSTOMER,18,WI20260804-01-TBXH0TVH,FINISH,2026-08-04 14:57:44,Small
T2252025T,CID-STCO-F304C,ST COLUMBAS HOSPITAL,CUSTOMER,18,WI20260804-01-WHIB862W,MOP,2026-08-03 16:45:01,Small
T2062025T,CID-FARR-2003F,FARRANLEA,CUSTOMER,30,WI20260804-01-4K017PE5,MOP,2026-08-04 18:42:15,Large
T3932025T,CID-FARR-2003F,FARRANLEA,CUSTOMER,30,WI20260804-01-NZVPDZBC,FINISH,2026-08-04 17:10:20,Small
T3752025T,CID-FARR-2003F,FARRANLEA,CUSTOMER,30,WI20260804-01-NZVPDZBC,FINISH,2026-08-04 17:10:20,Small
T3312025T,CID-FARR-2003F,FARRANLEA,CUSTOMER,30,WI20260804-01-NZVPDZBC,FINISH,2026-08-04 17:10:20,Small
T7272025T,CID-STJO-96335,ST JOSEPHS,CUSTOMER,37,WI20260804-01-T33U5LKU,MOP,2026-08-04 08:00:40,Small
T4582025T,CID-STJO-96335,ST JOSEPHS,CUSTOMER,37,WI20260804-01-T33U5LKU,MOP,2026-08-04 08:00:40,Small
T4112025T,CID-STJO-96335,ST JOSEPHS,CUSTOMER,37,WI20260804-01-T33U5LKU,MOP,2026-08-04 08:00:40,Small
T0742025T,CID-STJO-96335,ST JOSEPHS,CUSTOMER,37,WI20260804-01-T33U5LKU,MOP,2026-08-04 08:00:40,Small
T7362025T,CID-HEAT-20E55,HEATHER HOUSE,CUSTOMER,52,WI20260804-01-RV112WSY,FINISH,2026-08-04 19:30:47,Medium
T4402025T,CID-HEAT-20E55,HEATHER HOUSE,CUSTOMER,52,WI20260804-01-RV112WSY,FINISH,2026-08-04 19:30:47,Medium
T1342025T,CID-HEAT-20E55,HEATHER HOUSE,CUSTOMER,52,WI20260804-01-RV112WSY,FINISH,2026-08-04 19:30:47,Small
T0222025T,CID-HEAT-20E55,HEATHER HOUSE,CUSTOMER,52,WI20260804-01-OOXKK6J3,MOP,2026-08-04 11:48:11,Small
T3172025T,CID-ASHB-C5099,ASHBURY,ELIS_LAUNDRY,0,WI20260803-01-KD4W4FPQ,FINISH,2026-08-04 09:49:05,Large
T0022025T,CID-ASHB-C5099,ASHBURY,ELIS_LAUNDRY,1,WI20260803-01-KD4W4FPQ,FINISH,2026-08-04 09:49:05,Large
T5022025T,CID-ASHB-C5099,ASHBURY,ELIS_LAUNDRY,2,WI20260801-01-7SOGGZRE,FINISH,2026-08-03 13:13:02,Large
T2872025T,CID-ASHB-C5099,ASHBURY,ELIS_LAUNDRY,3,WI20260801-01-7SOGGZRE,FINISH,2026-08-03 13:13:02,Medium
T1262025T,CID-ASHB-C5099,ASHBURY,ELIS_LAUNDRY,5,WI20260729-01-GW34AV8N,FINISH,2026-07-30 09:13:39,Large
T3522025T,CID-ASHB-C5099,ASHBURY,ELIS_LAUNDRY,7,WI20260729-01-GW34AV8N,FINISH,2026-07-30 09:13:39,Large
T3642025T,CID-ASHB-C5099,ASHBURY,ELIS_LAUNDRY,10,WI20260728-01-M78WIC,FINISH,2026-07-29 11:22:27,Large
T1882025T,CID-ASHB-C5099,ASHBURY,ELIS_LAUNDRY,14,WI20260728-01-M78WIC,FINISH,2026-07-29 11:22:27,Medium
T2522025T,CID-ASHB-C5099,ASHBURY,ELIS_LAUNDRY,21,WI20260727-01-WQ9U25,FINISH,2026-07-27 22:14:47,Medium
T4682025T,CID-ASHB-C5099,ASHBURY,ELIS_LAUNDRY,30,WI20260727-01-WQ9U25,FINISH,2026-07-27 22:14:47,Large
T1872025T,CID-THEP-F25CD,THE PARK,ELIS_LAUNDRY,45,WI20260804-01-GRYLGF0F,FINISH,2026-08-04 15:00:43,Medium
T7842025T,CID-THEP-F25CD,THE PARK,ELIS_LAUNDRY,60,WI20260804-01-GRYLGF0F,FINISH,2026-08-04 15:00:43,Small
